Canton,Distrito,codigo,Area,Poblacion2022,Vinculo,dist_elevacion
San José,Carmen,10101,1.47,2946,/wiki/Carmen_(Costa_Rica),1156
San José,Merced,10102,2.17,15408,/wiki/Merced_(Costa_Rica),1154
San José,Hospital,10103,3.3,24030,/wiki/Hospital_(Costa_Rica),1160
San José,Catedral,10104,2.35,15682,/wiki/Catedral_(Costa_Rica),1161
San José,Zapote,10105,2.87,21990,/wiki/Zapote_(Costa_Rica),1176
San José,San Francisco de Dos Ríos,10106,2.64,23745,/wiki/San_Francisco_de_Dos_R%C3%ADos,1168
San José,Uruca,10107,8.44,42861,/wiki/La_Uruca,1112
San José,Mata Redonda,10108,3.69,10119,/wiki/Mata_Redonda_(San_Jos%C3%A9),1125
San José,Pavas,10109,9.39,89531,/wiki/Pavas_(San_Jos%C3%A9),1044
San José,Hatillo,10110,4.38,60723,/wiki/Hatillo_(San_Jos%C3%A9),1125
San José,San Sebastián,10111,4.01,44923,/wiki/San_Sebasti%C3%A1n_(San_Jos%C3%A9),1125
Escazú,Escazú,10201,4.56,13752,/wiki/Escaz%C3%BA_(Costa_Rica),1101
Escazú,San Antonio,10202,17.01,28329,/wiki/San_Antonio_de_Escaz%C3%BA,1245
Escazú,San Rafael,10203,12.96,29121,/wiki/San_Rafael_de_Escaz%C3%BA,1042
Desamparados,Desamparados,10301,3.31,37479,/wiki/Desamparados_(Costa_Rica),1148
Desamparados,San Miguel,10302,21.36,38716,/wiki/San_Miguel_de_Desamparados,1230
Desamparados,San Juan de Dios,10303,2.98,24505,/wiki/San_Juan_de_Dios_(Costa_Rica),1190
Desamparados,San Rafael Arriba,10304,3.21,18412,/wiki/San_Rafael_Arriba,1200
Desamparados,San Antonio,10305,2.1,11343,/wiki/San_Antonio_de_Desamparados,1163
Desamparados,Frailes,10306,19.57,4586,/wiki/Frailes_(Costa_Rica),1615
Desamparados,Patarrá,10307,16.09,14919,/wiki/Patarr%C3%A1,1270
Desamparados,San Cristóbal,10308,25.47,4769,/wiki/San_Crist%C3%B3bal_(Costa_Rica),1700
Desamparados,Rosario,10309,14.77,3787,/wiki/Rosario_de_Desamparados,1321
Desamparados,Damas,10310,2.57,15713,/wiki/Damas_(Costa_Rica),1180
Desamparados,San Rafael Abajo,10311,2.01,26781,/wiki/San_Rafael_Abajo,1145
Desamparados,Gravilias,10312,2.94,17237,/wiki/Gravilias_(Costa_Rica),1150
Desamparados,Los Guido,10313,3.01,31120,/wiki/Los_Guido,1250
Puriscal,Santiago,10401,34.52,12600,/wiki/Santiago_de_Puriscal,1105
Puriscal,Mercedes Sur,10402,183.58,7099,/wiki/Mercedes_Sur,1125
Puriscal,Barbacoas,10403,18.74,4486,/wiki/Barbacoas_(Costa_Rica),1160
Puriscal,Grifo Alto,10404,26.21,1492,/wiki/Grifo_Alto_(Costa_Rica),1021
Puriscal,San Rafael,10405,15.53,2009,/wiki/San_Rafael_de_Puriscal,825
Puriscal,Candelarita,10406,24.87,1753,/wiki/Candelarita_(Costa_Rica),980
Puriscal,Desamparaditos,10407,7.14,794,/wiki/Desamparaditos_(Costa_Rica),765
Puriscal,San Antonio,10408,14.5,4720,/wiki/San_Antonio_de_Puriscal,1090
Puriscal,Chires,10409,230.47,3640,/wiki/Chires,430
Tarrazú,San Marcos,10501,45.53,11365,/wiki/San_Marcos_de_Tarraz%C3%BA,1429
Tarrazú,San Lorenzo,10502,185.64,5250,/wiki/San_Lorenzo_(Costa_Rica),1440
Tarrazú,San Carlos,10503,58.58,2172,/wiki/San_Carlos_de_Tarraz%C3%BA,1545
Aserrí,Aserrí,10601,15.25,30347,/wiki/Aserr%C3%AD,1308
Aserrí,Tarbaca,10602,15.33,1676,/wiki/Tarbaca,1798
Aserrí,Vuelta de Jorco,10603,22.04,7342,/wiki/Vuelta_de_Jorco,1120
Aserrí,San Gabriel,10604,11.76,6930,/wiki/San_Gabriel_de_Aserr%C3%AD,1310
Aserrí,Legua,10605,81.51,1748,/wiki/Legua_(Costa_Rica),1649
Aserrí,Monterrey,10606,8.36,558,/wiki/Monterrey_de_Aserr%C3%AD,1100
Aserrí,Salitrillos,10607,14.35,15879,/wiki/Salitrillos,1323
Mora,Colón,10701,40.12,17411,/wiki/Col%C3%B3n_(Costa_Rica),840
Mora,Guayabo,10702,8.99,5414,/wiki/Guayabo_(Costa_Rica),996
Mora,Tabarcia,10703,40.39,5160,/wiki/Tabarcia,817
Mora,Piedras Negras,10704,14.84,498,/wiki/Piedras_Negras_(Costa_Rica),505
Mora,Picagres,10705,27.2,899,/wiki/Picagres,520
Mora,Jaris,10706,5.53,1377,/wiki/Jaris,830
Mora,Quitirrisí,10707,26.69,,/wiki/Quitirris%C3%AD,1140
Goicoechea,Guadalupe,10801,2.38,22347,/wiki/Guadalupe_(Costa_Rica),1204
Goicoechea,San Francisco,10802,0.57,2421,/wiki/San_Francisco_(Goicoechea),1172
Goicoechea,Calle Blancos,10803,2.36,23451,/wiki/Calle_Blancos,1188
Goicoechea,Mata de Plátano,10804,7.85,21198,/wiki/Mata_de_Pl%C3%A1tano_(Costa_Rica),1355
Goicoechea,Ipís,10805,2.37,32049,/wiki/Ip%C3%ADs,1352
Goicoechea,Rancho Redondo,10806,13.38,3224,/wiki/Rancho_Redondo,2048
Goicoechea,Purral,10807,3.11,36074,/wiki/Purral,1242
Santa Ana,Santa Ana,10901,5.4,12956,/wiki/Santa_Ana_(Costa_Rica),904
Santa Ana,Salitral,10902,20.2,5587,/wiki/Salitral_(Costa_Rica),1022
Santa Ana,Pozos,10903,13.34,20671,/wiki/Pozos_(Costa_Rica),847
Santa Ana,Uruca,10904,7.07,9129,/wiki/Uruca_de_Santa_Ana,873
Santa Ana,Piedades,10905,12.01,10263,/wiki/Piedades_(Costa_Rica),899
Santa Ana,Brasil,10906,3.25,3247,/wiki/Brasil_(Costa_Rica),878
Alajuelita,Alajuelita,11001,1.3,13325,/wiki/Alajuelita,1130
Alajuelita,San Josecito,11002,2.42,13069,/wiki/San_Josecito_de_Alajuelita,1200
Alajuelita,San Antonio,11003,10.22,6003,/wiki/San_Antonio_de_Alajuelita,1410
Alajuelita,Concepción,11004,2.4,23455,/wiki/Concepci%C3%B3n_de_Alajuelita,1120
Alajuelita,San Felipe,11005,5.1,41306,/wiki/San_Felipe_de_Alajuelita,1110
Vázquez de Coronado,San Isidro,11101,5.14,18631,/wiki/San_Isidro_(V%C3%A1zquez_de_Coronado),1385
Vázquez de Coronado,San Rafael,11102,16.95,8643,/wiki/San_Rafael_de_Coronado,1510
Vázquez de Coronado,Dulce Nombre de Jesús,11103,67.86,12149,/wiki/Dulce_Nombre_de_Jes%C3%BAs_(Costa_Rica),1345
Vázquez de Coronado,Patalillo,11104,1.97,24907,/wiki/Patalillo,1335
Vázquez de Coronado,Cascajal,11105,131.72,8602,/wiki/Cascajal_(Costa_Rica),1495
Acosta,San Ignacio,11201,22.63,9475,/wiki/San_Ignacio_de_Acosta,1095
Acosta,Guaitil,11202,43.85,2685,/wiki/Guaitil_(Costa_Rica),1030
Acosta,Palmichal,11203,34.17,5308,/wiki/Palmichal,1097
Acosta,Cangrejal,11204,64.46,2121,/wiki/Cangrejal,700
Acosta,Sabanillas,11205,176.83,2668,/wiki/Sabanillas_de_Acosta,1122
Tibás,San Juan,11301,3.56,25866,/wiki/San_Juan_de_Tib%C3%A1s,1162
Tibás,Cinco Esquinas,11302,0.67,8617,/wiki/Cinco_Esquinas_(Costa_Rica),1158
Tibás,Anselmo Llorente,11303,1.36,12913,/wiki/Anselmo_Llorente_(Costa_Rica),1155
Tibás,León XIII,11304,0.78,20551,/wiki/Le%C3%B3n_XIII_(Costa_Rica),1094
Tibás,Colima,11305,2.0,18118,/wiki/Colima_(Costa_Rica),1130
Moravia,San Vicente,11401,5.39,32041,/wiki/San_Vicente_de_Moravia,1231
Moravia,San Jerónimo,11402,18.58,7463,/wiki/San_Jer%C3%B3nimo_de_Moravia,1396
Moravia,La Trinidad,11403,4.94,23755,/wiki/La_Trinidad_de_Moravia,1265
Montes de Oca,San Pedro,11501,4.7,28844,/wiki/San_Pedro_de_Montes_de_Oca,1205
Montes de Oca,Sabanilla,11502,1.78,14082,/wiki/Sabanilla_(Montes_de_Oca),1305
Montes de Oca,Mercedes,11503,1.44,6086,/wiki/Mercedes_de_Montes_de_Oca,1200
Montes de Oca,San Rafael,11504,7.74,13832,/wiki/San_Rafael_de_Montes_de_Oca,1340
Turrubares,San Pablo,11601,26.37,1573,/wiki/San_Pablo_de_Turrubares,375
Turrubares,San Pedro,11602,39.11,861,/wiki/San_Pedro_de_Turrubares,326
Turrubares,San Juan de Mata,11603,86.17,1546,/wiki/San_Juan_de_Mata_(Costa_Rica),120
Turrubares,San Luis,11604,43.71,721,/wiki/San_Luis_(Costa_Rica),306
Turrubares,Carara,11605,220.35,2330,/wiki/Carara,440
Dota,Santa María,11701,92.84,5251,/wiki/Santa_Mar%C3%ADa_de_Dota,1548
Dota,Jardín,11702,32.71,702,/wiki/Jard%C3%ADn_de_Dota,2221
Dota,Copey,11703,279.41,2088,/wiki/Copey_de_Dota,1853
Curridabat,Curridabat,11801,6.16,32605,/wiki/Curridabat,1208
Curridabat,Granadilla,11802,3.52,19207,/wiki/Granadilla_(Costa_Rica),1343
Curridabat,Sánchez,11803,4.53,6833,/wiki/S%C3%A1nchez_(Costa_Rica),1250
Curridabat,Tirrases,11804,1.87,22032,/wiki/Tirrases,1175
Pérez Zeledón,San Isidro de El General,11901,191.53,48435,/wiki/San_Isidro_de_El_General,702
Pérez Zeledón,El General,11902,76.35,6873,/wiki/El_General_(Costa_Rica),710
Pérez Zeledón,Daniel Flores,11903,64.3,35584,/wiki/Daniel_Flores_(Costa_Rica),639
Pérez Zeledón,Rivas,11904,310.28,7318,/wiki/Rivas_(Costa_Rica),870
Pérez Zeledón,San Pedro,11905,205.96,9344,/wiki/San_Pedro_de_P%C3%A9rez_Zeled%C3%B3n,585
Pérez Zeledón,Platanares,11906,79.84,7497,/wiki/Platanares_(Costa_Rica),865
Pérez Zeledón,Pejibaye,11907,140.78,7972,/wiki/Pejibaye_de_P%C3%A9rez_Zeled%C3%B3n,402
Pérez Zeledón,Cajón,11908,118.86,9045,/wiki/Caj%C3%B3n_(Costa_Rica),687
Pérez Zeledón,Barú,11909,191.42,2854,/wiki/Bar%C3%BA_de_P%C3%A9rez_Zeled%C3%B3n,430
Pérez Zeledón,Río Nuevo,11910,240.68,3495,/wiki/R%C3%ADo_Nuevo_(Costa_Rica),720
Pérez Zeledón,Páramo,11911,203.17,4865,/wiki/P%C3%A1ramo_(Costa_Rica),900
Pérez Zeledón,La Amistad,11912,76.11,,/wiki/La_Amistad_de_P%C3%A9rez_Zeled%C3%B3n,780
León Cortés Castro,San Pablo,12001,20.86,4663,/wiki/San_Pablo_de_Le%C3%B3n_Cort%C3%A9s_Castro,1542
León Cortés Castro,San Andrés,12002,16.08,1746,/wiki/San_Andr%C3%A9s_de_Le%C3%B3n_Cort%C3%A9s_Castro,1340
León Cortés Castro,Llano Bonito,12003,34.51,2269,/wiki/Llano_Bonito_de_Le%C3%B3n_Cort%C3%A9s_Castro,1780
León Cortés Castro,San Isidro,12004,18.86,1870,/wiki/San_Isidro_de_Le%C3%B3n_Cort%C3%A9s_Castro,1683
León Cortés Castro,Santa Cruz,12005,21.97,2164,/wiki/Santa_Cruz_de_Le%C3%B3n_Cort%C3%A9s_Castro,1650
León Cortés Castro,San Antonio,12006,10.15,1278,/wiki/San_Antonio_de_Le%C3%B3n_Cort%C3%A9s_Castro,1770
Alajuela,Alajuela,20101,8.89,48326,/wiki/Alajuela_(ciudad),952
Alajuela,San José,20102,14.69,52686,/wiki/San_Jos%C3%A9_de_Alajuela,882
Alajuela,Carrizal,20103,16.12,9002,/wiki/Carrizal_de_Alajuela,1470
Alajuela,San Antonio,20104,8.93,31637,/wiki/San_Antonio_de_Alajuela,870
Alajuela,Guácima,20105,28.04,26642,/wiki/Gu%C3%A1cima_de_Alajuela,804
Alajuela,San Isidro,20106,36.09,22586,/wiki/San_Isidro_de_Alajuela,1357
Alajuela,Sabanilla,20107,43.05,12396,/wiki/Sabanilla_(Alajuela),1270
Alajuela,San Rafael,20108,19.29,34182,/wiki/San_Rafael_de_Alajuela,845
Alajuela,Río Segundo,20109,5.57,13561,/wiki/R%C3%ADo_Segundo_de_Alajuela,930
Alajuela,Desamparados,20110,12.95,33654,/wiki/Desamparados_de_Alajuela,1010
Alajuela,Turrúcares,20111,35.99,9349,/wiki/Turr%C3%BAcares,638
Alajuela,Tambor,20112,13.88,14338,/wiki/Tambor_de_Alajuela,950
Alajuela,Garita,20113,33.91,9492,/wiki/La_Garita_(Costa_Rica),610
Alajuela,Sarapiquí,20114,113.98,4021,/wiki/Sarapiqu%C3%AD_(Alajuela),510
San Ramón,San Ramón,20201,1.28,9107,/wiki/San_Ram%C3%B3n_(Costa_Rica),1057
San Ramón,Santiago,20202,61.0,5699,/wiki/Santiago_de_San_Ram%C3%B3n,1130
San Ramón,San Juan,20203,5.09,13406,/wiki/San_Juan_de_San_Ram%C3%B3n,1085
San Ramón,Piedades Norte,20204,47.2,9564,/wiki/Piedades_Norte,1130
San Ramón,Piedades Sur,20205,116.29,4603,/wiki/Piedades_Sur,1013
San Ramón,San Rafael,20206,30.73,10904,/wiki/San_Rafael_de_San_Ram%C3%B3n,1080
San Ramón,San Isidro,20207,8.72,5938,/wiki/San_Isidro_de_San_Ram%C3%B3n,1140
San Ramón,Ángeles,20208,81.41,9793,/wiki/%C3%81ngeles_de_San_Ram%C3%B3n,1111
San Ramón,Alfaro,20209,17.87,8402,/wiki/Alfaro_de_San_Ram%C3%B3n,1120
San Ramón,Volio,20210,20.46,2727,/wiki/Volio_de_San_Ram%C3%B3n,1160
San Ramón,Concepción,20211,9.49,2765,/wiki/Concepci%C3%B3n_de_San_Ram%C3%B3n,1155
San Ramón,Zapotal,20212,67.24,515,/wiki/Zapotal_de_San_Ram%C3%B3n,1033
San Ramón,Peñas Blancas,20213,247.04,12371,/wiki/Pe%C3%B1as_Blancas_de_San_Ram%C3%B3n,225
San Ramón,San Lorenzo,20214,309.15,,/wiki/San_Lorenzo_de_San_Ram%C3%B3n,200
Grecia,Grecia,20301,7.51,16146,/wiki/Grecia_(Costa_Rica),999
Grecia,San Isidro,20302,17.01,7293,/wiki/San_Isidro_de_Grecia,1290
Grecia,San José,20303,12.36,10231,/wiki/San_Jos%C3%A9_de_Grecia,1074
Grecia,San Roque,20304,27.0,13660,/wiki/San_Roque_de_Grecia,1077
Grecia,Tacares,20305,24.82,10050,/wiki/Tacares,800
Grecia,Puente de Piedra,20307,23.07,13274,/wiki/Puente_de_Piedra_(Costa_Rica),875
Grecia,Bolívar,20308,30.77,9018,/wiki/Bol%C3%ADvar_(Costa_Rica),1060
San Mateo,San Mateo,20401,64.85,3071,/wiki/San_Mateo_(Costa_Rica),254
San Mateo,Desmonte,20402,20.19,1201,/wiki/Desmonte_de_San_Mateo,567
San Mateo,Jesús María,20403,18.79,1517,/wiki/Jes%C3%BAs_Mar%C3%ADa_de_San_Mateo,243
San Mateo,Labrador,20404,20.96,1487,/wiki/Labrador_de_San_Mateo,180
Atenas,Atenas,20501,9.76,8015,/wiki/Atenas_(Costa_Rica),698
Atenas,Jesús,20502,17.96,4396,/wiki/Jes%C3%BAs_de_Atenas,874
Atenas,Mercedes,20503,7.81,3832,/wiki/Mercedes_de_Atenas,720
Atenas,San Isidro,20504,14.48,3521,/wiki/San_Isidro_de_Atenas,1000
Atenas,Concepción,20505,21.94,4261,/wiki/Concepci%C3%B3n_de_Atenas,535
Atenas,San José,20506,13.44,2326,/wiki/San_Jos%C3%A9_de_Atenas,738
Atenas,Santa Eulalia,20507,14.59,2510,/wiki/Santa_Eulalia_de_Atenas,709
Atenas,Escobal,20508,26.5,1019,/wiki/Escobal_(Costa_Rica),376
Naranjo,Naranjo,20601,17.26,17348,/wiki/Naranjo_(Costa_Rica),999
Naranjo,San Miguel,20602,15.52,5782,/wiki/San_Miguel_de_Naranjo,1040
Naranjo,San José,20603,21.12,3666,/wiki/San_Jos%C3%A9_de_Naranjo,1500
Naranjo,Cirrí Sur,20604,32.07,5533,/wiki/Cirr%C3%AD_Sur,1205
Naranjo,San Jerónimo,20605,9.12,4076,/wiki/San_Jer%C3%B3nimo_de_Naranjo,1110
Naranjo,San Juan,20606,6.78,3688,/wiki/San_Juan_de_Naranjo,1180
Naranjo,El Rosario,20607,17.21,4638,/wiki/El_Rosario_de_Naranjo,831
Naranjo,Palmitos,20608,8.09,5033,/wiki/Palmitos_de_Naranjo,1055
Palmares,Palmares,20701,1.14,3764,/wiki/Palmares_(Costa_Rica),1017
Palmares,Zaragoza,20702,8.34,9901,/wiki/Zaragoza_(Costa_Rica),1010
Palmares,Buenos Aires,20703,6.88,8931,/wiki/Buenos_Aires_de_Palmares,1012
Palmares,Santiago,20704,7.94,3379,/wiki/Santiago_de_Palmares,1080
Palmares,Candelaria,20705,4.69,2457,/wiki/Candelaria_de_Palmares,1040
Palmares,Esquipulas,20706,5.41,8435,/wiki/Esquipulas_de_Palmares,1005
Palmares,La Granja,20707,4.44,4938,/wiki/La_Granja_de_Palmares,1080
Poás,San Pedro,20801,13.63,8243,/wiki/San_Pedro_de_Po%C3%A1s,1148
Poás,San Juan,20802,16.31,5647,/wiki/San_Juan_de_Po%C3%A1s,1270
Poás,San Rafael,20803,14.19,6655,/wiki/San_Rafael_de_Po%C3%A1s,1250
Poás,Carrillos,20804,10.14,11330,/wiki/Carrillos,812
Poás,Sabana Redonda,20805,20.33,3051,/wiki/Sabana_Redonda,1440
Orotina,Orotina,20901,21.59,10680,/wiki/Orotina_(Costa_Rica),229
Orotina,El Mastate,20902,9.53,2249,/wiki/El_Mastate,197
Orotina,Hacienda Vieja,20903,16.93,1242,/wiki/Hacienda_Vieja_de_Orotina,270
Orotina,Coyolar,20904,36.51,7685,/wiki/Coyolar,174
Orotina,La Ceiba,20905,60.55,2592,/wiki/La_Ceiba_de_Orotina,122
San Carlos,Quesada,21001,144.0,46127,/wiki/Quesada_(Costa_Rica),656
San Carlos,Florencia,21002,198.54,18517,/wiki/Florencia_(San_Carlos),225
San Carlos,Buenavista,21003,25.98,420,/wiki/Buenavista_(San_Carlos),865
San Carlos,Aguas Zarcas,21004,185.86,26305,/wiki/Aguas_Zarcas,489
San Carlos,Venecia,21005,132.44,12172,/wiki/Venecia_(San_Carlos),428
San Carlos,Pital,21006,379.61,25359,/wiki/Pital_(San_Carlos),156
San Carlos,La Fortuna,21007,229.7,19584,/wiki/La_Fortuna_(Costa_Rica),253
San Carlos,La Tigra,21008,56.44,7964,/wiki/La_Tigra_(San_Carlos),290
San Carlos,La Palmera,21009,100.45,7940,/wiki/La_Palmera_(San_Carlos),350
San Carlos,Venado,21010,169.28,2173,/wiki/Venado_(San_Carlos),252
San Carlos,Cutris,21011,848.01,15537,/wiki/Cutris,65
San Carlos,Monterrey,21012,220.2,4321,/wiki/Monterrey_(San_Carlos),280
San Carlos,Pocosol,21013,660.75,19696,/wiki/Pocosol,110
Zarcero,Zarcero,21101,11.72,4397,/wiki/Zarcero_(Costa_Rica),1736
Zarcero,Laguna,21102,23.36,2031,/wiki/Laguna_de_Zarcero,1840
Zarcero,Tapesco,21103,6.33,1582,/wiki/Tapesco,1821
Zarcero,Guadalupe,21104,22.58,1427,/wiki/Guadalupe_de_Zarcero,1602
Zarcero,Palmira,21105,30.44,1712,/wiki/Palmira_de_Zarcero,2010
Zarcero,Zapote,21106,44.77,944,/wiki/Zapote_de_Zarcero,1580
Zarcero,Brisas,21107,17.87,2536,/wiki/Brisas_de_Zarcero,1842
Sarchí,Sarchí Norte,21201,21.3,8382,/wiki/Sarch%C3%AD_Norte,970
Sarchí,Sarchí Sur,21202,6.36,6539,/wiki/Sarch%C3%AD_Sur,967
Sarchí,Toro Amarillo,21203,90.93,380,/wiki/Toro_Amarillo,1442
Sarchí,San Pedro,21204,10.92,4463,/wiki/San_Pedro_de_Sarch%C3%AD,1170
Sarchí,Rodríguez,21205,7.21,2832,/wiki/Rodr%C3%ADguez_(Costa_Rica),1033
Upala,Upala,21301,148.65,16850,/wiki/Upala,48
Upala,Aguas Claras,21302,408.93,5714,/wiki/Aguas_Claras_de_Upala,375
Upala,San José,21303,285.39,8795,/wiki/San_Jos%C3%A9_de_Upala,46
Upala,Bijagua,21304,186.39,5363,/wiki/Bijagua,430
Upala,Delicias,21305,98.57,5479,/wiki/Delicias_de_Upala,30
Upala,Dos Ríos,21306,218.07,4017,/wiki/Dos_R%C3%ADos_de_Upala,500
Upala,Yolillal,21307,139.54,4129,/wiki/Yolillal,39
Upala,Canalete,21308,106.45,5119,/wiki/Canalete_de_Upala,87
Los Chiles,Los Chiles,21401,504.21,21714,/wiki/Los_Chiles,43
Los Chiles,Caño Negro,21402,301.0,2333,/wiki/Ca%C3%B1o_Negro_(Costa_Rica),30
Los Chiles,El Amparo,21403,313.29,7772,/wiki/El_Amparo_(Costa_Rica),44
Los Chiles,San Jorge,21404,214.94,3369,/wiki/San_Jorge_de_Los_Chiles,70
Guatuso,San Rafael,21501,304.29,10117,/wiki/San_Rafael_de_Guatuso,50
Guatuso,Buenavista,21502,150.97,1990,/wiki/Buenavista_de_Guatuso,42
Guatuso,Cote,21503,183.94,1092,/wiki/Cote_de_Guatuso,310
Guatuso,Katira,21504,114.4,6497,/wiki/Katira,160
Río Cuarto,Río Cuarto,21601,,,/wiki/R%C3%ADo_Cuarto_(distrito),430
Río Cuarto,Santa Rita,21602,,,/wiki/Santa_Rita_de_R%C3%ADo_Cuarto,236
Río Cuarto,Santa Isabel,21603,,,/wiki/Santa_Isabel_de_R%C3%ADo_Cuarto,165
Cartago,Oriental,30101,2.04,12310,/wiki/Oriental_de_Cartago,1435
Cartago,Occidental,30102,2.0,10465,/wiki/Occidental_de_Cartago,1435
Cartago,Carmen,30103,4.39,19390,/wiki/Carmen_de_Cartago,1515
Cartago,San Nicolás,30104,29.44,29913,/wiki/San_Nicol%C3%A1s_(Cartago),1445
Cartago,Aguacaliente,30105,100.37,36408,/wiki/Aguacaliente,1330
Cartago,Guadalupe,30106,13.28,16547,/wiki/Guadalupe_de_Cartago,1400
Cartago,Corralillo,30107,32.57,12064,/wiki/Corralillo_de_Cartago,1665
Cartago,Tierra Blanca,30108,12.75,5926,/wiki/Tierra_Blanca_(Costa_Rica),2080
Cartago,Dulce Nombre,30109,33.11,12004,/wiki/Dulce_Nombre_de_Cartago,1340
Cartago,Llano Grande,30110,30.35,5120,/wiki/Llano_Grande_(Costa_Rica),2270
Cartago,Quebradilla,30111,18.91,6057,/wiki/Quebradilla,1410
Paraíso,Paraíso,30201,19.5,21561,/wiki/Para%C3%ADso_(Costa_Rica),1325
Paraíso,Santiago,30202,25.5,6493,/wiki/Santiago_de_Para%C3%ADso,1084
Paraíso,Orosi,30203,376.41,10208,/wiki/Orosi_(Costa_Rica),1051
Paraíso,Cachí,30204,41.24,5944,/wiki/Cach%C3%AD,1049
Paraíso,Llanos de Santa Lucía,30205,6.55,19590,/wiki/Llanos_de_Santa_Luc%C3%ADa,1347
Paraíso,Birrisito,30206,7.5,,/wiki/Birrisito,1325
La Unión,Tres Ríos,30301,2.19,9298,/wiki/Tres_R%C3%ADos_(La_Uni%C3%B3n),
La Unión,San Diego,30302,8.01,25354,/wiki/San_Diego_de_La_Uni%C3%B3n,1270
La Unión,San Juan,30303,3.94,15752,/wiki/San_Juan_de_La_Uni%C3%B3n_(Costa_Rica),1260
La Unión,San Rafael,30304,9.46,16277,/wiki/San_Rafael_de_La_Uni%C3%B3n,1340
La Unión,Concepción,30305,3.8,19259,/wiki/Concepci%C3%B3n_de_La_Uni%C3%B3n,1350
La Unión,Dulce Nombre,30306,8.35,9289,/wiki/Dulce_Nombre_de_La_Uni%C3%B3n,1445
La Unión,San Ramón,30307,3.47,4526,/wiki/San_Ram%C3%B3n_de_La_Uni%C3%B3n,1440
La Unión,Río Azul,30308,4.89,14860,/wiki/R%C3%ADo_Azul_(Costa_Rica),1200
Jiménez,Juan Viñas,30401,43.62,7095,/wiki/Juan_Vi%C3%B1as_(Costa_Rica),1165
Jiménez,Tucurrique,30402,33.52,5601,/wiki/Tucurrique,777
Jiménez,Pejibaye,30403,173.85,3665,/wiki/Pejibaye_de_Jim%C3%A9nez,643
Jiménez,La Victoria,30404,15.34,,/wiki/La_Victoria_(Costa_Rica),
Turrialba,Turrialba,30501,56.1,27039,/wiki/Turrialba_(ciudad),646
Turrialba,La Suiza,30502,160.36,7939,/wiki/La_Suiza_de_Turrialba,618
Turrialba,Peralta,30503,9.53,621,/wiki/Peralta_de_Turrialba,382
Turrialba,Santa Cruz,30504,124.94,3804,/wiki/Santa_Cruz_(Turrialba),1475
Turrialba,Santa Teresita,30505,60.0,5402,/wiki/Santa_Teresita_de_Turrialba,480
Turrialba,Pavones,30506,42.13,4628,/wiki/Pavones_de_Turrialba,499
Turrialba,Tuis,30507,38.88,2950,/wiki/Tuis,735
Turrialba,Tayutic,30508,74.91,2506,/wiki/Tayutic,870
Turrialba,Santa Rosa,30509,22.29,5747,/wiki/Santa_Rosa_de_Turrialba,792
Turrialba,Tres Equis,30510,37.18,1964,/wiki/Tres_Equis_de_Turrialba,630
Turrialba,La Isabel,30511,19.96,6362,/wiki/La_Isabel_de_Turrialba,630
Turrialba,Chirripó,30512,942.09,4584,/wiki/Chirrip%C3%B3_(distrito),1115
Alvarado,Pacayas,30601,29.68,5989,/wiki/Pacayas,1735
Alvarado,Cervantes,30602,15.19,6916,/wiki/Cervantes_(Costa_Rica),1441
Alvarado,Capellades,30603,34.32,2710,/wiki/Capellades_(Costa_Rica),1653
Oreamuno,San Rafael,30701,10.27,29275,/wiki/San_Rafael_(Oreamuno),1453
Oreamuno,Cot,30702,15.05,11360,/wiki/Cot_(Oreamuno),1810
Oreamuno,Potrero Cerrado,30703,18.2,2705,/wiki/Potrero_Cerrado,2196
Oreamuno,Cipreses,30704,9.31,4234,/wiki/Cipreses_de_Oreamuno,1700
Oreamuno,Santa Rosa,30705,149.81,3021,/wiki/Santa_Rosa_de_Oreamuno,2145
El Guarco,El Tejar,30801,6.07,27037,/wiki/El_Tejar_(Costa_Rica),1377
El Guarco,San Isidro,30802,134.73,11632,/wiki/San_Isidro_de_El_Guarco,1388
El Guarco,Tobosi,30803,19.9,7834,/wiki/Tobosi,1380
El Guarco,Patio de Agua,30804,11.05,456,/wiki/Patio_de_Agua,1960
Heredia,Heredia,40101,2.95,18988,/wiki/Heredia_(Costa_Rica),1172
Heredia,Mercedes,40102,4.15,30276,/wiki/Mercedes_de_Heredia,1107
Heredia,San Francisco,40103,6.43,60166,/wiki/San_Francisco_de_Heredia,1124
Heredia,Ulloa,40104,11.47,35618,/wiki/Ulloa_de_Heredia,1003
Heredia,Varablanca,40105,258.05,972,/wiki/Varablanca,1804
Barva,Barva,40201,0.82,5099,/wiki/Barva_(distrito),1176
Barva,San Pedro,40202,7.16,12026,/wiki/San_Pedro_de_Barva,1170
Barva,San Pablo,40203,6.94,10105,/wiki/San_Pablo_de_Barva,1300
Barva,San Roque,40204,1.29,5507,/wiki/San_Roque_de_Barva,1110
Barva,Santa Lucía,40205,2.87,8524,/wiki/Santa_Luc%C3%ADa_de_Barva,1159
Barva,San José de la Montaña,40206,36.82,6929,/wiki/San_Jos%C3%A9_de_la_Monta%C3%B1a_(Costa_Rica),1438
Santo Domingo,Santo Domingo,40301,0.79,5050,/wiki/Santo_Domingo_(Heredia),1170
Santo Domingo,San Vicente,40302,2.91,8072,/wiki/San_Vicente_de_Santo_Domingo,1180
Santo Domingo,San Miguel,40303,5.9,7988,/wiki/San_Miguel_de_Santo_Domingo,1275
Santo Domingo,Paracito,40304,1.12,2832,/wiki/Paracito,1289
Santo Domingo,Santo Tomás,40305,3.51,7953,/wiki/Santo_Tom%C3%A1s_de_Santo_Domingo,1200
Santo Domingo,Santa Rosa,40306,4.25,9264,/wiki/Santa_Rosa_de_Santo_Domingo,1118
Santo Domingo,Tures,40307,3.9,4477,/wiki/Tures,1260
Santo Domingo,Pará,40308,2.88,4199,/wiki/Par%C3%A1_(Costa_Rica),1341
Santa Bárbara,Santa Bárbara,40401,1.27,6394,/wiki/Santa_B%C3%A1rbara_(Costa_Rica),1140
Santa Bárbara,San Pedro,40402,2.48,7016,/wiki/San_Pedro_de_Santa_B%C3%A1rbara,1080
Santa Bárbara,San Juan,40403,4.45,9308,/wiki/San_Juan_de_Santa_B%C3%A1rbara,1045
Santa Bárbara,Jesús,40404,11.18,11842,/wiki/Jes%C3%BAs_de_Santa_B%C3%A1rbara,1160
Santa Bárbara,Santo Domingo,40405,26.43,3699,/wiki/Santo_Domingo_de_Santa_B%C3%A1rbara,1396
Santa Bárbara,Purabá,40406,6.09,5619,/wiki/Purab%C3%A1,1240
San Rafael,San Rafael,40501,1.3,10787,/wiki/San_Rafael_(Heredia),1264
San Rafael,San Josecito,40502,1.35,14331,/wiki/San_Josecito_de_San_Rafael,1245
San Rafael,Santiago,40503,1.64,10534,/wiki/Santiago_de_San_Rafael,1220
San Rafael,Ángeles,40504,21.23,13017,/wiki/%C3%81ngeles_de_San_Rafael_(Costa_Rica),1496
San Rafael,Concepción,40505,22.67,7891,/wiki/Concepci%C3%B3n_de_San_Rafael,1490
San Isidro,San Isidro,40601,2.66,6413,/wiki/San_Isidro_(Heredia),1360
San Isidro,San José,40602,11.37,8895,/wiki/San_Jos%C3%A9_de_San_Isidro,1330
San Isidro,Concepción,40603,8.03,3115,/wiki/Concepci%C3%B3n_de_San_Isidro,1406
San Isidro,San Francisco,40604,4.6,5232,/wiki/San_Francisco_de_San_Isidro,1267
Belén,San Antonio,40701,3.54,11625,/wiki/San_Antonio_(Bel%C3%A9n),912
Belén,La Ribera,40702,4.28,7753,/wiki/La_Ribera_de_Bel%C3%A9n,953
Belén,La Asunción,40703,4.62,7475,/wiki/La_Asunci%C3%B3n_de_Bel%C3%A9n,945
Flores,San Joaquín,40801,2.58,8341,/wiki/San_Joaqu%C3%ADn_(Flores),1054
Flores,Barrantes,40802,2.3,5340,/wiki/Barrantes_de_Flores,1180
Flores,Llorente,40803,1.89,11720,/wiki/Llorente_de_Flores,1025
San Pablo,San Pablo,40901,5.88,21485,/wiki/San_Pablo_(Heredia),1200
San Pablo,Rincón de Sabanilla,40902,2.36,10034,/wiki/Rinc%C3%B3n_de_Sabanilla,1135
Sarapiquí,Puerto Viejo,41001,428.17,31580,/wiki/Puerto_Viejo_(Sarapiqu%C3%AD),37
Sarapiquí,La Virgen,41002,513.82,16493,/wiki/La_Virgen_(Sarapiqu%C3%AD),178
Sarapiquí,Las Horquetas,41003,565.41,35957,/wiki/Horquetas_(Sarapiqu%C3%AD),68
Sarapiquí,Llanuras del Gaspar,41004,267.74,2059,/wiki/Llanuras_del_Gaspar,20
Sarapiquí,Cureña,41005,369.02,1598,/wiki/Cure%C3%B1a_(Sarapiqu%C3%AD),98
Liberia,Liberia,50101,563.57,67132,/wiki/Liberia_(Costa_Rica),144
Liberia,Cañas Dulces,50102,243.39,4075,/wiki/Ca%C3%B1as_Dulces,105
Liberia,Mayorga,50103,227.39,2032,/wiki/Mayorga_(Costa_Rica),366
Liberia,Nacascolo,50104,327.05,3129,/wiki/Nacascolo_(Costa_Rica),29
Liberia,Curubandé,50105,81.14,3242,/wiki/Curuband%C3%A9,322
Nicoya,Nicoya,50201,310.61,27131,/wiki/Nicoya_(Costa_Rica),123
Nicoya,Mansión,50202,212.47,5772,/wiki/Mansi%C3%B3n_de_Nicoya,87
Nicoya,San Antonio,50203,334.01,7148,/wiki/San_Antonio_de_Nicoya,68
Nicoya,Quebrada Honda,50204,106.03,2591,/wiki/Quebrada_Honda_(Costa_Rica),23
Nicoya,Sámara,50205,109.19,4685,/wiki/S%C3%A1mara_(Costa_Rica),3
Nicoya,Nosara,50206,134.57,7213,/wiki/Nosara,6
Nicoya,Belén de Nosarita,50207,123.0,3084,/wiki/Bel%C3%A9n_de_Nosarita,153
Santa Cruz,Santa Cruz,50301,289.6,28008,/wiki/Santa_Cruz_(Costa_Rica),50
Santa Cruz,Bolsón,50302,32.47,2182,/wiki/Bols%C3%B3n_(Costa_Rica),10
Santa Cruz,Veintisiete de Abril,50303,301.59,9302,/wiki/Veintisiete_de_Abril_(Santa_Cruz),43
Santa Cruz,Tempate,50304,129.95,6467,/wiki/Tempate_(Costa_Rica),62
Santa Cruz,Cartagena,50305,82.56,5147,/wiki/Cartagena_(Costa_Rica),63
Santa Cruz,Cuajiniquil,50306,218.65,2678,/wiki/Cuajiniquil_de_Santa_Cruz,50
Santa Cruz,Diriá,50307,66.26,4983,/wiki/Diri%C3%A1_(Costa_Rica),69
Santa Cruz,Cabo Velas,50308,73.5,4381,/wiki/Cabo_Velas,26
Santa Cruz,Tamarindo,50309,125.86,8136,/wiki/Tamarindo_(Costa_Rica),27
Bagaces,Bagaces,50401,883.98,16462,/wiki/Bagaces,80
Bagaces,La Fortuna,50402,163.37,3112,/wiki/La_Fortuna_de_Bagaces,457
Bagaces,Mogote,50403,181.79,4079,/wiki/Mogote_(Bagaces),550
Bagaces,Río Naranjo,50404,43.83,1194,/wiki/R%C3%ADo_Naranjo_de_Bagaces,696
Carrillo,Filadelfia,50501,125.14,8967,/wiki/Filadelfia_(Costa_Rica),17
Carrillo,Palmira,50502,31.42,6910,/wiki/Palmira_de_Carrillo,31
Carrillo,Sardinal,50503,261.43,20094,/wiki/Sardinal_de_Carrillo,50
Carrillo,Belén,50504,181.55,11785,/wiki/Bel%C3%A9n_de_Carrillo,42
Cañas,Cañas,50601,193.83,26577,/wiki/Ca%C3%B1as_(Costa_Rica),86
Cañas,Palmira,50602,203.96,1361,/wiki/Palmira_de_Ca%C3%B1as,225
Cañas,San Miguel,50603,120.86,2076,/wiki/San_Miguel_de_Ca%C3%B1as,51
Cañas,Bebedero,50604,58.26,2582,/wiki/Bebedero_(Costa_Rica),7
Cañas,Porozal,50605,105.23,797,/wiki/Porozal,35
Abangares,Las Juntas,50701,229.16,10437,/wiki/Las_Juntas_(Costa_Rica),150
Abangares,Sierra,50702,112.01,2827,/wiki/Sierra_de_Abangares,270
Abangares,San Juan,50703,107.46,1857,/wiki/San_Juan_de_Abangares,179
Abangares,Colorado,50704,201.04,5161,/wiki/Colorado_de_Abangares,18
Tilarán,Tilarán,50801,139.43,9449,/wiki/Tilar%C3%A1n,564
Tilarán,Quebrada Grande,50802,33.72,3104,/wiki/Quebrada_Grande_de_Tilar%C3%A1n,725
Tilarán,Tronadora,50803,142.28,2029,/wiki/Tronadora_(Tilar%C3%A1n),600
Tilarán,Santa Rosa,50804,71.8,2188,/wiki/Santa_Rosa_de_Tilar%C3%A1n,432
Tilarán,Líbano,50805,72.07,958,/wiki/L%C3%ADbano_de_Tilar%C3%A1n,280
Tilarán,Tierras Morenas,50806,83.46,1545,/wiki/Tierras_Morenas,685
Tilarán,Arenal,50807,73.72,2711,/wiki/Arenal_de_Tilar%C3%A1n,620
Tilarán,Cabeceras,50808,51.25,,/wiki/Cabeceras,725
Nandayure,Carmona,50901,31.83,2663,/wiki/Carmona_(Costa_Rica),80
Nandayure,Santa Rita,50902,51.32,1480,/wiki/Santa_Rita_de_Nandayure,52
Nandayure,Zapotal,50903,105.18,1263,/wiki/Zapotal_de_Nandayure,500
Nandayure,San Pablo,50904,78.13,2362,/wiki/San_Pablo_de_Nandayure,24
Nandayure,Porvenir,50905,40.17,759,/wiki/Porvenir_de_Nandayure,526
Nandayure,Bejuco,50906,262.17,3311,/wiki/Bejuco_(Costa_Rica),10
La Cruz,La Cruz,51001,345.5,13204,/wiki/La_Cruz_(Costa_Rica),255
La Cruz,Santa Cecilia,51002,258.16,9191,/wiki/Santa_Cecilia_(La_Cruz),337
La Cruz,La Garita,51003,273.37,2665,/wiki/La_Garita_de_La_Cruz,300
La Cruz,Santa Elena,51004,513.35,3011,/wiki/Santa_Elena_de_La_Cruz,236
Hojancha,Hojancha,51101,79.05,4707,/wiki/Hojancha_(Costa_Rica),350
Hojancha,Monte Romo,51102,74.97,724,/wiki/Monte_Romo,671
Hojancha,Puerto Carrillo,51103,76.75,1893,/wiki/Puerto_Carrillo_(Costa_Rica),40
Hojancha,Huacas,51104,31.49,761,/wiki/Huacas_de_Hojancha,224
Hojancha,Matambú,51105,,,/wiki/Matamb%C3%BA,300
Puntarenas,Puntarenas,60101,34.6,10342,/wiki/Puntarenas_(distrito),4
Puntarenas,Pitahaya,60102,109.66,2755,/wiki/Pitahaya_(Costa_Rica),10
Puntarenas,Chomes,60103,120.3,6645,/wiki/Chomes,4
Puntarenas,Lepanto,60104,424.74,10444,/wiki/Lepanto_(Puntarenas),6
Puntarenas,Paquera,60105,337.7,8410,/wiki/Paquera,10
Puntarenas,Manzanillo,60106,60.31,3459,/wiki/Manzanillo_de_Puntarenas,12
Puntarenas,Guacimal,60107,114.49,1173,/wiki/Guacimal,350
Puntarenas,Barranca,60108,36.07,39426,/wiki/Barranca_de_Puntarenas,27
Puntarenas,Isla del Coco,60110,23.52,,/wiki/Isla_del_Coco,634
Puntarenas,Cóbano,60111,317.06,9736,/wiki/C%C3%B3bano,158
Puntarenas,Chacarita,60112,4.92,21244,/wiki/Chacarita_(Costa_Rica),4
Puntarenas,Chira,60113,41.71,1714,/wiki/Isla_de_Chira,
Puntarenas,Acapulco,60114,111.2,1560,/wiki/Acapulco_(Costa_Rica),112
Puntarenas,El Roble,60115,7.94,21240,/wiki/El_Roble_de_Puntarenas,4
Puntarenas,Arancibia,60116,45.04,784,/wiki/Arancibia_de_Puntarenas,560
Esparza,Espíritu Santo,60201,18.95,22181,/wiki/Esp%C3%ADritu_Santo_(Costa_Rica),208
Esparza,San Juan Grande,60202,18.7,8915,/wiki/San_Juan_Grande_(Costa_Rica),224
Esparza,Macacona,60203,33.51,5482,/wiki/Macacona,243
Esparza,San Rafael,60204,34.35,1725,/wiki/San_Rafael_de_Esparza,247
Esparza,San Jerónimo,60205,49.95,941,/wiki/San_Jer%C3%B3nimo_de_Esparza,179
Esparza,Caldera,60206,62.01,,/wiki/Caldera_(Costa_Rica),7
Buenos Aires,Buenos Aires,60301,555.37,29454,/wiki/Buenos_Aires_(Costa_Rica),361
Buenos Aires,Volcán,60302,187.56,3690,/wiki/Volc%C3%A1n_(distrito_de_Costa_Rica),418
Buenos Aires,Potrero Grande,60303,626.4,6494,/wiki/Potrero_Grande_(Costa_Rica),177
Buenos Aires,Boruca,60304,125.02,3289,/wiki/Boruca_(distrito),452
Buenos Aires,Pilas,60305,114.81,1749,/wiki/Pilas_(Costa_Rica),250
Buenos Aires,Colinas,60306,129.07,1391,/wiki/Colinas_(Costa_Rica),340
Buenos Aires,Chánguena,60307,273.2,2929,/wiki/Ch%C3%A1nguena,820
Buenos Aires,Biolley,60308,208.71,2589,/wiki/Biolley,160
Buenos Aires,Brunka,60309,162.96,3197,/wiki/Brunka_(distrito),391
Montes de Oro,Miramar,60401,110.64,9027,/wiki/Miramar_(Costa_Rica),340
Montes de Oro,La Unión,60402,78.33,1513,/wiki/La_Uni%C3%B3n_(Montes_de_Oro),620
Montes de Oro,San Isidro,60403,57.87,4047,/wiki/San_Isidro_(Montes_de_Oro),150
Osa,Puerto Cortés,60501,230.98,8844,/wiki/Puerto_Cort%C3%A9s_(Costa_Rica),6
Osa,Palmar,60502,250.72,9716,/wiki/Palmar_(Costa_Rica),26
Osa,Sierpe,60503,631.15,3645,/wiki/Sierpe_(Costa_Rica),8
Osa,Bahía Ballena,60504,160.39,3487,/wiki/Bah%C3%ADa_Ballena_(Osa),12
Osa,Piedras Blancas,60505,263.27,4529,/wiki/Piedras_Blancas_(Costa_Rica),101
Osa,Bahía Drake,60506,393.39,1162,/wiki/Bah%C3%ADa_Drake_(Osa),60
Quepos,Quepos,60601,235.81,25665,/wiki/Quepos,5
Quepos,Savegre,60602,216.07,4116,/wiki/Savegre,9
Quepos,Naranjito,60603,104.68,4239,/wiki/Naranjito_(Costa_Rica),95
Golfito,Golfito,60701,357.32,11867,/wiki/Golfito,5
Golfito,Guaycará,60703,323.11,14120,/wiki/Guaycar%C3%A1,50
Golfito,Pavón,60704,353.26,7700,/wiki/Pav%C3%B3n_(Costa_Rica),40
Coto Brus,San Vito,60801,74.88,16629,/wiki/San_Vito_(Coto_Brus),1009
Coto Brus,Sabalito,60802,186.82,13202,/wiki/Sabalito,900
Coto Brus,Aguabuena,60803,63.75,7050,/wiki/Aguabuena,1060
Coto Brus,Limoncito,60804,124.04,4152,/wiki/Limoncito,780
Coto Brus,Pittier,60805,255.23,3247,/wiki/Pittier_(distrito),1040
Coto Brus,Gutiérrez Braun,60806,238.38,,/wiki/Guti%C3%A9rrez_Braun,940
Parrita,Parrita,60901,480.44,20984,/wiki/Parrita,4
Corredores,Corredor,61001,276.37,20050,/wiki/Corredor_(Costa_Rica),46
Corredores,La Cuesta,61002,37.06,5333,/wiki/La_Cuesta_(Costa_Rica),38
Corredores,Canoas,61003,122.54,15929,/wiki/Canoas_(Costa_Rica),128
Corredores,Laurel,61004,188.38,12172,/wiki/Laurel_(Costa_Rica),20
Garabito,Jacó,61101,141.11,18613,/wiki/Jac%C3%B3,7
Garabito,Tárcoles,61102,172.87,8791,/wiki/T%C3%A1rcoles_(distrito),36
Garabito,Lagunillas,61103,,,/wiki/Lagunillas_(Garabito),
Monteverde,Monteverde,60109,53.05,4943,/wiki/Cant%C3%B3n_de_Monteverde,1330
Puerto Jiménez,Puerto Jiménez,60702,722.56,12836,/wiki/Puerto_Jim%C3%A9nez,2
Limón,Limón,70101,59.51,60710,/wiki/Lim%C3%B3n_(Costa_Rica),3
Limón,Valle La Estrella,70102,1238.66,20818,/wiki/Valle_La_Estrella,18
Limón,Río Blanco,70103,131.29,10257,/wiki/R%C3%ADo_Blanco_(distrito_en_Costa_Rica),9
Limón,Matama,70104,339.13,8451,/wiki/Matama,17
Pococí,Guápiles,70201,222.63,39611,/wiki/Gu%C3%A1piles_(Costa_Rica),262
Pococí,Jiménez,70202,109.44,13052,/wiki/Jim%C3%A9nez_(Pococ%C3%AD),213
Pococí,Rita,70203,502.39,29241,/wiki/La_Rita_(Pococ%C3%AD),111
Pococí,Roxana,70204,175.67,20342,/wiki/Roxana_(Pococ%C3%AD),106
Pococí,Cariari,70205,200.96,40278,/wiki/Cariari_(Pococ%C3%AD),50
Pococí,Colorado,70206,1158.91,5040,/wiki/Colorado_(Pococ%C3%AD),5
Pococí,La Colonia,70207,39.1,7110,/wiki/La_Colonia_(Pococ%C3%AD),180
Siquirres,Siquirres,70301,373.27,34576,/wiki/Siquirres_(Costa_Rica),62
Siquirres,Pacuarito,70302,219.43,10804,/wiki/Pacuarito,30
Siquirres,Florida,70303,82.76,2656,/wiki/Florida_(Costa_Rica),160
Siquirres,Germania,70304,33.98,3062,/wiki/Germania_(Costa_Rica),106
Siquirres,El Cairo,70305,107.2,7628,/wiki/El_Cairo_(Costa_Rica),71
Siquirres,Alegría,70306,37.73,6947,/wiki/Alegr%C3%ADa_(Costa_Rica),345
Siquirres,Reventazón,70307,,,/wiki/Reventaz%C3%B3n_(Costa_Rica),14
Talamanca,Bratsi,70401,180.44,10590,/wiki/Bratsi_(Talamanca),32
Talamanca,Sixaola,70402,169.32,11847,/wiki/Sixaola_(Costa_Rica),10
Talamanca,Cahuita,70403,234.6,13656,/wiki/Cahuita,4
Talamanca,Telire,70404,2229.73,8709,/wiki/Telire_(Talamanca),70
Matina,Matina,70501,351.75,10437,/wiki/Matina_(Costa_Rica),11
Matina,Batán,70502,213.69,20814,/wiki/Bat%C3%A1n_(Costa_Rica),15
Matina,Carrandi,70503,205.99,16140,/wiki/Carrandi_(Costa_Rica),12
Guácimo,Guácimo,70601,223.27,26152,/wiki/Gu%C3%A1cimo_(Costa_Rica),114
Guácimo,Mercedes,70602,90.43,2357,/wiki/Mercedes_(Costa_Rica),130
Guácimo,Pocora,70603,72.7,8494,/wiki/Pocora,96
Guácimo,Río Jiménez,70604,113.59,11836,/wiki/R%C3%ADo_Jim%C3%A9nez_(Costa_Rica),10
Guácimo,Duacarí,70605,81.36,8182,/wiki/Duacar%C3%AD_(Costa_Rica),18
